Multiplier,ConvertFromQty,ConvertFromUom,ConvertToQty,ConvertToUom
473.17625,1,pt,473.17625,ml
14.787,1,Tbsp,14.787,ml
4.9289,1,tsp,4.9289,ml
946.35,1,qt,946.35,ml
3785.41,1,gal,3785.41,ml
236.588125,1,cup,236.588125,ml
29.5735,1,fl oz,29.5735,ml
1000,1,L,1000,ml
453.592,1,lb,453.592,g
28.3495,1,oz,28.3495,g
1000,1,Kg,1000,g
0.001,1000,mg,1,g